decade,mean
1880,3.89333333333
1890,4.11111111111
1900,4.00777777778
1910,4.33666666667
1920,4.43888888889
1930,5.53333333333
1940,3.82555555556
1950,4.37888888889
1960,4.58888888889
1970,5.11777777778
1980,4.99555555556
1990,5.60555555556
2000,6.34444444444
